CHROM	POS	REF	ALT	END	SVTYPE	SVLEN
chr12	25245350	C	T	25245350		
chr17	7675088	C	T	7675088		
chr17	7674221	G	A	7674221		
chr12	27797836	G	<DEL>	27797836	DEL	-1
chr20	23085832	C	<DEL>	23085832	DEL	-1
chr17	7673802	C	T	7673802		
chr17	7674894	G	A	7674894		
chr2	70088042	T	A	70088042		
chr17	7674220	C	T	7674220		
chr12	25245351	C	A	25245351		
chr1	1354730	G	<DEL>	1354730	DEL	-1
chr1	6197725	T	<DEL>	6197725	DEL	-1
chr7	77794143	T	<DEL>	77794143	DEL	-1
chr12	109581435	C	<DEL>	109581435	DEL	-1
chr12	25245347	C	T	25245347		
chr1	151346265	G	<DEL>	151346265	DEL	-1
chr2	17517470	T	<DEL>	17517470	DEL	-1
chr2	97083988	G	<DEL>	97083988	DEL	-1
chr7	32975192	C	<DEL>	32975192	DEL	-1
chr17	50356606	C	<DEL>	50356606	DEL	-1
chr19	47465746	A	<DEL>	47465746	DEL	-1
chr12	6548808	C	<DEL>	6548808	DEL	-1
chr13	52474899	A	<DEL>	52474899	DEL	-1
chr17	7673803	G	A	7673803		
chrX	100407507	G	<DEL>	100407507	DEL	-1
chr1	114713909	G	T	114713909		
chr7	121331825	G	<DEL>	121331825	DEL	-1
chr1	114716126	C	T	114716126		
chr17	7673776	G	A	7673776		
chr7	44080815	G	<DEL>	44080815	DEL	-1
chr20	49241967	A	<DEL>	49241967	DEL	-1
chr19	38840319	G	<DEL>	38840319	DEL	-1
chrX	56565441	C	<DEL>	56565441	DEL	-1
chr9	134053407	G	<DEL>	134053407	DEL	-1
chr19	49347216	G	<DEL>	49347216	DEL	-1
chr17	17216395	G	<DEL>	17216395	DEL	-1
